site_name,AV,AY,B,BC,BI,BM,CG,CL,CZ,DG,DI,DU,EJ,EM,ER,FX,GM,GY,HJ,HY,IV,JU,KM,KW,MO,T,V,VY,WY,X
26,285,307,296,258,301,277,382,342,276,348,287,255,209,305,321,302,202,242,251,324,258,246,330,289,268,219,262,243,312,263
59,262,271,352,326,358,320,265,291,245,243,224,337,348,292,358,325,231,322,265,222,216,232,227,195,265,198,244,294,208,257
A2,304,260,266,286,312,232,221,258,393,288,312,320,305,233,310,299,273,344,285,290,261,298,367,258,212,162,304,310,213,255
AK,222,320,213,341,257,325,258,301,283,201,276,245,237,302,250,274,174,246,224,245,237,310,285,214,233,318,293,236,311,254
Au,247,294,265,319,336,335,243,189,291,301,279,265,256,248,230,239,259,262,329,389,208,251,297,403,353,275,319,357,267,311
B7,282,236,231,316,269,263,205,276,250,325,249,244,275,244,304,323,254,301,330,340,231,294,339,320,273,246,283,286,279,238
BQ,223,277,299,255,325,322,223,293,344,196,237,347,234,242,277,214,274,375,156,261,266,312,201,227,315,303,300,233,211,220
Bs,267,259,300,342,289,293,228,286,316,250,199,347,176,316,297,291,257,332,343,235,242,315,235,236,165,376,281,316,290,318
CS,318,285,239,290,309,309,297,329,320,326,298,272,294,292,265,260,336,206,230,345,263,257,367,314,248,201,253,245,364,287
Cb,305,241,310,204,262,225,239,241,343,181,232,242,321,234,255,256,412,298,263,286,260,259,239,304,337,339,264,412,294,352
DY,209,230,220,279,293,336,245,298,249,220,294,239,299,193,230,241,258,299,274,327,229,245,273,325,277,337,262,329,283,322
Dx,222,228,300,209,201,197,272,333,344,297,291,295,254,287,321,260,327,287,308,330,217,325,266,295,331,217,282,342,291,337
Eo,284,251,274,340,276,242,239,201,215,274,318,182,296,293,240,201,234,326,312,299,300,288,278,311,215,270,285,202,232,276
F3,194,307,303,251,208,269,355,272,275,235,281,253,357,256,223,280,203,331,295,338,322,314,282,307,259,267,340,181,325,229
Fc,270,252,254,237,275,277,257,232,178,299,164,312,225,263,218,233,391,328,260,329,294,285,244,285,285,223,302,291,287,348
Fl,264,286,359,294,234,305,268,292,251,267,314,228,257,333,234,215,237,313,357,362,308,247,258,257,340,291,362,256,291,266
Gs,274,298,160,259,237,189,297,318,322,312,267,273,339,196,330,276,385,205,239,297,289,374,213,260,278,312,295,335,322,337
H1,259,299,252,298,319,309,259,240,276,248,322,290,371,234,253,262,295,224,268,298,270,304,305,375,315,302,319,338,240,218
H7,317,263,375,290,268,332,168,322,293,396,286,177,308,332,365,364,265,244,349,258,355,343,217,223,264,329,237,356,353,275
Hg,356,300,291,322,350,312,224,243,232,330,244,328,256,301,274,193,262,300,320,234,286,302,336,249,365,324,249,299,182,389
IN,252,302,223,198,254,195,203,255,246,395,376,332,380,223,207,271,299,270,335,300,223,181,271,318,224,265,355,342,344,264
IO,308,297,231,321,302,266,311,307,304,211,307,280,215,319,252,229,231,276,263,229,365,245,281,270,270,218,274,359,247,271
IX,212,342,247,299,377,266,257,194,237,200,287,231,378,302,283,231,317,285,289,181,231,281,275,251,340,285,314,316,316,189
IZ,229,214,256,264,294,169,242,293,243,214,226,372,241,180,234,300,279,264,293,295,336,229,278,251,251,197,265,316,284,247
Ik,313,280,338,287,177,310,315,303,312,341,343,231,342,338,257,288,281,200,312,226,328,303,225,238,324,320,285,338,286,303
Im,269,232,301,289,176,270,282,219,242,286,317,251,202,304,385,248,351,252,322,272,309,324,128,320,412,265,181,274,293,259
Ir,339,158,297,224,245,257,198,312,299,231,300,266,308,268,244,305,294,313,272,259,344,334,255,322,270,305,232,333,254,286
JK,195,238,235,288,202,389,222,293,279,167,246,360,282,317,267,279,263,319,211,339,210,243,358,287,313,260,196,273,196,203
KM,293,197,235,265,338,232,322,363,304,217,252,226,290,229,255,216,294,243,332,315,292,263,264,244,320,219,301,278,250,325
KX,238,365,263,311,225,303,274,320,289,343,342,289,277,302,209,223,266,296,351,320,272,280,334,240,303,288,333,289,295,156
L7,236,309,153,327,268,287,217,205,281,281,350,298,305,216,254,242,317,280,304,353,289,313,210,350,265,305,328,268,290,304
L8,350,277,209,179,291,244,224,268,295,322,297,405,265,260,291,283,220,232,240,301,274,316,233,277,270,270,238,287,248,278
LN,349,235,355,253,312,292,363,247,329,260,353,333,220,326,314,186,242,262,296,246,264,335,342,169,222,291,311,237,217,296
Mu,329,289,170,288,334,180,338,357,278,249,226,203,335,229,235,322,293,217,270,258,273,404,319,248,299,288,304,203,287,373
Nn,265,369,260,312,269,350,337,292,183,262,262,281,269,235,254,257,237,215,354,286,289,280,375,313,232,366,305,300,176,329
No,292,305,290,307,277,242,201,309,250,284,197,333,368,281,343,255,309,348,208,306,390,328,305,352,231,208,350,340,210,264
Ns,225,268,285,327,313,317,264,345,242,243,299,235,303,257,314,288,253,255,260,271,148,268,307,211,262,215,338,246,221,377
O6,369,318,303,301,324,241,319,259,302,394,307,322,244,312,342,286,267,204,292,229,347,310,257,285,291,339,470,299,325,292
Of,226,330,349,307,254,304,219,307,328,244,338,211,349,331,250,196,271,298,186,260,349,315,253,366,284,255,313,238,179,285
Or,364,271,385,328,361,255,277,249,277,280,229,227,302,213,287,242,367,275,291,286,255,264,186,364,250,261,203,357,218,216
P1,335,293,282,270,300,261,338,224,207,281,278,354,299,368,301,258,296,342,254,190,263,281,251,285,344,296,250,345,372,340
P5,328,276,305,232,214,274,310,283,215,305,239,275,276,248,322,284,268,283,274,331,290,200,256,299,264,295,338,221,292,382
Pf,334,309,349,261,230,335,283,356,252,255,230,290,313,352,272,301,320,286,297,249,265,328,255,289,301,257,331,289,212,345
Q3,259,313,269,294,260,350,278,249,321,321,332,271,246,332,275,320,239,277,309,261,343,299,252,263,278,308,285,331,273,312
Q5,280,298,296,257,331,258,275,255,258,269,312,290,249,309,339,283,310,221,274,370,243,394,222,268,323,274,300,305,298,204
Q6,349,268,317,334,298,276,256,183,347,319,350,270,311,285,293,289,338,276,356,238,309,275,273,335,315,383,247,197,330,272
Q9,244,290,257,333,298,263,253,188,325,220,272,258,232,262,373,363,203,283,279,286,306,354,209,195,308,320,276,295,320,296
Qh,281,289,328,326,307,334,272,387,208,237,353,345,302,300,187,218,253,208,301,237,254,188,195,328,250,323,176,293,241,372
Qp,271,251,329,252,310,300,302,257,293,315,303,191,210,277,190,327,315,307,280,243,249,244,237,250,278,184,264,377,300,316
Rg,302,287,267,253,306,234,315,386,282,294,295,339,234,312,277,212,194,222,278,271,229,231,287,272,267,262,231,358,348,270
S6,185,341,298,249,247,257,307,332,261,211,300,263,316,333,312,248,277,388,296,266,388,257,299,201,277,261,242,309,265,369
T3,243,350,156,353,283,332,277,285,259,173,269,368,293,381,228,331,344,203,288,327,330,331,275,284,437,169,323,369,330,276
UY,241,187,239,265,214,256,247,312,369,263,339,329,332,318,374,331,267,350,168,290,239,305,283,358,284,325,267,273,314,229
Uz,272,194,296,308,340,320,329,262,264,275,229,243,181,285,298,214,261,307,273,241,239,369,283,279,304,311,239,340,351,311
VZ,322,371,267,273,327,214,333,290,307,360,208,200,348,296,287,282,265,332,236,346,305,278,240,343,272,234,313,148,336,273
Vg,333,253,244,218,240,229,320,340,253,286,217,276,307,342,237,271,353,264,354,286,276,375,322,225,289,206,311,299,266,316
Vm,313,281,240,261,335,314,317,237,232,262,237,176,315,363,283,247,316,244,213,286,177,346,292,252,235,246,331,326,315,209
W5,267,247,235,282,271,215,341,225,307,323,249,179,248,231,227,201,313,191,323,283,302,222,320,289,249,273,263,245,312,293
Wr,283,214,260,327,282,256,238,240,316,357,272,243,279,222,228,338,378,202,232,238,310,324,308,233,320,234,291,286,203,149
X7,245,342,211,234,350,258,310,287,277,306,293,288,289,326,328,278,427,259,259,341,256,327,303,299,325,347,275,250,290,277
Xi,280,264,324,316,264,222,260,303,328,204,347,251,278,297,243,256,277,321,300,296,325,267,306,295,333,255,289,273,275,256
Yr,353,314,263,224,315,290,252,293,275,348,320,205,309,266,230,412,287,230,185,291,278,277,249,321,377,228,223,284,281,276
Z7,255,322,385,309,206,294,282,395,298,270,301,271,266,248,298,237,249,319,305,223,258,355,274,362,283,386,323,276,380,209
Zm,273,301,212,343,312,282,239,256,288,295,231,267,211,237,293,293,333,285,289,238,290,211,373,256,299,284,241,388,283,195
ag,205,284,320,225,287,235,262,281,306,311,175,237,216,326,305,239,297,328,305,359,323,259,302,341,245,291,322,282,283,365
bx,329,280,244,246,234,294,267,412,294,288,304,208,309,325,310,341,313,274,335,308,342,313,256,195,240,317,306,229,356,287
c4,265,332,350,286,242,247,300,248,273,283,277,299,256,196,269,281,219,319,384,328,317,334,279,255,232,281,248,383,316,264
cf,240,318,175,248,208,224,252,189,299,282,210,225,245,284,294,236,295,299,192,246,271,283,185,234,321,324,228,310,343,341
cv,307,242,268,186,310,302,385,258,248,300,221,203,290,244,351,219,249,265,331,200,171,331,397,237,237,282,320,202,255,377
dv,155,344,173,288,282,320,330,311,285,231,340,268,265,235,270,366,292,333,381,343,187,245,253,204,320,360,314,282,281,172
e4,274,253,305,275,277,328,265,302,255,255,238,228,386,230,237,262,293,306,214,297,271,286,395,233,255,282,424,305,294,273
ef,270,247,271,280,227,327,296,172,200,188,232,350,264,251,360,209,244,316,250,401,310,200,292,275,297,285,263,197,343,272
h5,211,334,314,265,250,206,370,321,305,307,374,272,205,297,211,276,317,329,263,273,205,233,315,184,339,292,230,301,309,298
hj,202,338,348,258,276,249,251,183,293,378,314,397,243,303,293,252,286,364,295,241,227,284,229,299,265,282,362,265,270,220
hp,364,300,251,190,250,267,285,345,276,339,345,217,317,246,200,349,243,302,268,297,385,257,300,272,351,288,254,296,275,315
ip,314,326,199,296,295,225,251,248,390,292,301,126,248,341,298,281,312,329,243,295,259,240,252,288,195,372,261,222,408,236
jo,311,368,345,233,293,350,257,279,294,201,275,354,280,343,228,279,257,242,307,312,242,244,301,321,339,279,411,332,335,356
k1,325,325,259,380,336,209,278,363,181,287,281,258,259,254,214,224,273,273,275,256,277,294,286,317,292,305,211,277,232,323
kq,221,191,320,258,354,183,288,340,269,195,269,338,275,266,324,337,286,235,304,316,331,236,370,274,265,338,332,284,230,285
lq,257,293,296,246,271,295,241,211,274,226,332,294,266,213,309,309,248,239,248,284,283,274,236,302,245,252,250,276,300,258
mv,329,319,281,296,316,250,302,184,285,235,259,308,297,241,310,288,300,278,329,255,288,347,270,278,241,173,315,244,305,225
n4,326,270,323,231,247,265,264,292,223,192,221,311,248,291,308,290,226,306,287,285,182,257,235,239,248,305,321,303,332,269
o5,294,303,303,191,203,188,364,273,289,220,307,350,183,290,352,316,261,236,286,267,279,282,283,287,291,229,352,175,305,278
op,265,237,307,283,275,312,327,230,205,219,311,335,265,254,331,379,281,239,266,222,316,241,288,253,253,282,278,289,325,333
s6,311,238,360,235,299,262,244,253,352,346,271,274,249,221,329,329,274,376,207,233,259,329,209,278,290,236,206,327,205,250
t2,313,259,260,238,334,235,217,282,385,168,330,325,211,325,275,183,306,334,336,309,325,338,277,279,250,233,327,322,274,233
v1,261,272,271,284,326,345,308,254,304,244,329,305,312,316,257,261,313,211,217,226,236,302,199,245,327,254,286,267,343,331
v3,293,298,189,247,340,246,308,140,316,364,335,356,272,329,296,313,258,235,293,271,284,340,295,296,210,287,357,340,324,286
wy,225,295,337,346,337,324,268,218,334,271,284,209,343,309,341,236,258,279,241,316,274,338,300,340,228,358,388,222,279,273
y6,377,251,145,268,225,279,241,306,169,243,302,325,261,309,351,206,275,177,204,241,277,324,319,230,323,273,334,267,293,261
